,一级,一级.1,一级.2,一级.3,一级.4,一级.5,一级.6,一级.7,一级.8,一级.9,一级.10,一级.11,一级.12,一级.13,一级.14,一级.15,一级.16,一级.17,一级.18,一级.19,一级.20,一级.21,一级.22,一级.23,一级.24,一级.25,一级.26,一级.27,一级.28,一级.29,一级.30,一级.31,一级.32,一级.33,一级.34,一级.35,一级.36,一级.37,一级.38,一级.39,一级.40,一级.41,一级.42,一级.43,一级.44,一级.45,一级.46,一级.47,一级.48,一级.49,一级.50,一级.51,一级.52,一级.53,一级.54,一级.55,一级.56,一级.57,一级.58,一级.59,一级.60,一级.61,一级.62,一级.63,一级.64,一级.65,一级.66,一级.67,一级.68,一级.69,一级.70,一级.71,一级.72,一级.73,一级.74,一级.75,一级.76,一级.77,一级.78,一级.79,一级.80,一级.81,一级.82,一级.83,一级.84,一级.85,一级.86,一级.87,一级.88,一级.89
1,990.518300357965,1059.80055040858,1039.54135903869,1001.44355155715,1118.95933089949,1044.21300623262,1090.52652110161,949.452939113183,658.009032361807,1036.42589173932,1059.7785287965,929.28810389004,3004.02582216313,2915.39924402425,2717.31718787717,3450.29513423656,1351.71944657633,781.132243492776,1903.23074584563,2310.47594201447,1291.34008271792,1559.36227298583,1432.22250670326,848.747095593203,1320.43932567758,983.095746635626,1820.08324064773,1149.26261720694,1866.54839276074,2096.49613641843,1157.82836914422,1287.166135656,1400.30836701746,901.507426196236,1003.09829749501,769.929514556054,1917.45331766955,1770.1747924749,1461.87045616378,1395.80385124647,2479.37673518449,2383.1574709453,1631.01178666403,2919.11666520299,2046.10431183352,1098.00520231121,1111.08629881701,890.419639311839,1505.40386013868,1206.41879769285,893.669904887606,2713.04274277514,2230.14979205836,1322.72922783997,1563.6745408285,2133.98838276053,1860.67997483162,1423.73997953541,610.672101486551,712.657961225582,1030.19423725651,1760.12202959465,1003.29582548365,1095.2700564442,2236.25303469907,1929.53559446742,2073.07590619641,1221.555400994,1160.60182230668,1280.53077097876,1418.93114520169,1709.3732884188,1496.85581070015,1555.72866578986,1611.75341928091,2994.20457715887,1741.70941592932,2029.13996349836,3271.0443339329,1669.82585614425,1406.54304805859,1165.77182299128,1311.28415958719,1092.47308067013,1786.9484007778,1330.45156767181,2022.43728477118,1329.1257180537,2366.72452482936,1516.83901071448
2,28.136678200748,34.5609702733588,32.426322982199,89.1927324024226,96.2445818511576,97.0929686006623,78.8781883650312,71.4551004435083,33.4923903384067,105.860589620023,100.591802428427,94.2868022096023,174.783007987516,131.596679489304,146.916771322001,108.816850920793,18.279477367181,12.875262773471,12.2207138834033,5.88282282986733,1.78431257390801,123.594840851264,81.7157743875505,49.8473615560834,12.4187073913223,7.3386841360391,26.7875827781714,28.7350731035881,14.3451531017671,32.3341742810866,23.38667873584574,1.40692395191742,6.88081571378436,50.1559449600631,58.7860997168008,46.24471965953,14.1782551657819,19.3634403550482,12.9930443973629,16.2286003224058,13.2972170529299,51.2854751649146,137.589311732422,113.425457927084,87.5834693711802,23.0912486669787,76.2144122601823,51.7163138882601,31.2318179430698,27.9215238499211,54.93394750344,90.8184963314461,76.924893925177,35.715961601078,80.589070513155,67.6300428013343,106.509895282862,34.6374466461199,2.79444172354706,2.91969586663378,80.4957563515094,192.957160137236,73.9674292339888,42.6254521925266,49.3506857254141,20.5066824647115,50.5382973197454,4.1069251723645,4.2571209462433,75.9171282592893,70.3013364406049,90.9612702679324,51.9951620107437,39.1787192254997,47.1726122443746,151.420972383403,63.3090112937638,69.1097039394282,144.624546821643,42.2178360852173,23.0565735486738,18.4361613847222,21.6120267549931,16.1259912735704,127.31352794464,89.0013559570059,175.119568270414,31.5552272563436,72.3283572028279,27.1871325783794
3,2.70612840623571,3.18800110790663,3.08796530991368,8.65148021157345,9.08591616004702,9.3373155985038,10.5221220580024,10.1848048194417,5.74994225159349,10.6801835332388,10.5446907047119,9.44213782557413,28.2782125065381,14.7367744328893,14.4473075824661,28.2495813232016,2.42027386902099,0.854565237839754,1.06228979341986,1.03457195786522,1.12258062189113,6.81166985024615,4.05138686825232,1.88058493715888,2.28446916258222,0.962931563926266,2.4994834173156,2.31981596287352,2.07248373894232,2.48157194777469,0.617445245297278,0.578523343552209,0.761144230650647,2.43226348216992,2.68871766338384,3.04198846872933,2.89337109788727,3.42915330436341,2.16367625166713,2.17763133815895,3.26102003585812,6.050295803709,23.7841998033765,13.8430528151146,16.1780729484599,1.82439242331831,4.59511263210053,2.97873215355077,0.917011133276656,1.05987283604567,1.75580754968525,6.88741123336696,4.87954827528475,2.65258474372303,6.38565188144657,5.3523283492278,8.5840169939915,3.39123905335301,1.57205976438405,1.35351374028239,8.69919829144653,25.4772981789746,7.9824954679288,6.2473384456462,5.34274348113761,2.70872746688943,20.3104842056747,5.77271733741472,5.62336450283265,6.24285329404773,5.40297857090563,7.36698777015449,6.83989590080484,9.32923545709866,8.27732277203096,9.11300793367895,5.61861899218528,5.15746028981402,18.2690610795323,4.64011467276418,2.44134632961147,2.83149356897571,2.92489493387806,2.3211965033067,3.16626988283907,2.06780419664753,4.31539367456528,4.26594301957742,7.31175831536238,3.70796943499851
4,761.866066598844,700.608623505901,722.127338511091,307.003041091577,386.063228730295,326.103263071335,358.053181630759,325.621257240184,937.747934803366,569.787367765498,558.552732286672,660.246359410436,1979.76002515248,991.65749489364,1795.92759704598,811.5225653746933,415.869946734698,258.363535020016,1007.01784712213,538.995129424736,386.392619194091,604.98832800159,451.13253912149,150.842144948357,372.088939522903,95.2047869692341,448.575770425936,272.091515616427,830.036314744362,550.047944789111,528.246013116614,536.433988228068,440.877051025162,167.231215924851,213.416573243642,198.236894936925,470.322192930111,601.134924007976,544.659988171398,416.48020613429,557.83203753548,449.699329537783,1018.16290680934,738.765375338487,1030.17415308579,1089.46086048488,947.072199099893,932.906477989053,1672.77577113617,1113.647739443,1099.20931181918,2405.78381221636,1713.41911465523,979.877372308456,1288.36635589686,1848.30745144937,1874.14100911826,1028.8380777688,708.696411469247,1031.98274091219,735.576035628678,1390.2833688363,770.659833623673,448.135975586305,919.914431304866,798.902978115253,740.952864866968,1127.87807840128,961.140848944033,1264.13585129987,1555.40199245017,1119.02563044033,753.228350824663,1614.78271405386,1522.37016941806,723.780563496149,781.63734583674,1045.11786505546,808.0204447608776,1803.88485793126,1102.15691453008,858.235204194964,861.375052940085,644.045665831114,1733.97677652151,1204.92148304139,1427.85989290959,1945.96480170528,2113.90583998177,2157.88185863536
5,3.5552635747714,4.78649153038025,4.56020739078411,15.66635097062,16.7557217761331,17.1946891435673,17.421551382625,17.0027414796295,0.825441257662312,33.5661186311303,31.7298630645976,29.4643982969491,34.1103579393631,24.6133834920856,28.5839783955051,27.7121557126353,8.995227885524178,7.535549454107875,16.600966599935138,5.899520867277421,8.776758006844915,19.4205177985071,8.9892622030435,9.53312127511703,3.1781066629694306,5.322284176432775,13.44078981102776,5.008808187411599,17.849954206083112,9.931915142576102,8.023179830308266,3.800306600954753,3.1556844765062984,2.51401054310678,3.66800559838597,5.13601449749193,14.701570389914773,13.365675513895932,9.803768405290182,6.107958030144159,15.917977992170204,13.621663499437627,37.4245003639761,27.7125016426371,43.1888883363355,8.493136064953287,10.9937136588938,5.30913592855407,6.1309731658010165,6.266973763978128,5.64777103787861,26.9246581172035,4.95948039389453,6.98793927361427,18.4166873801862,11.7020940511702,25.3367005641876,6.717651511532399,5.830802694500043,5.322339992491852,6.78137604038911,31.1158073026582,5.37524953591514,6.99627090882653,1.07749828276614,15.826848745606453,13.700714026901,4.196458614584087,7.551814533728896,7.27706530676858,5.06103114682698,8.412418199314,3.15512788207311,5.69883529070905,8.1753147198914,8.92694005542663,2.84934868907472,2.37792779619311,26.9200136876481,1.61317859257472,18.662542875146297,4.77787971469474,3.9671731245002593,4.5597076545115005,11.0634131672744,4.98986993229259,18.0580268508774,1.22160199967316,7.97495463660342,5.12946734340443
6,0.020988920522185994,0.0118775277674353,0.0034967430488031,0.126032174927399,0.0991442433237358,0.161483921595516,0.0910494206687102,0.0888341132798359,0.0270880133124039,0.0974162813897408,0.0917834944255951,0.0693353148099862,0.460195650682433,0.20491822013989,0.0254824394894022,0.0859960122588228,0.12749097691251585,0.08686111732202258,0.1501154268524122,0.12693961940806492,0.12777166372172588,0.153898634612967,0.12213771778991582,0.1073711178294417,0.12528403185481687,0.13642001400500237,0.09593754266335072,0.13588258221095953,0.14288763980132874,0.18440082942435415,0.10194047222264764,0.0872353535351016,0.08920313081682067,0.12599965237029714,0.1258296913191998,0.12618304372868097,0.0983373308584232,0.0973359096461715,0.10690723202569581,0.09983121715193025,0.09047787826570476,0.12241167024758917,0.141465751695816,0.0186324887939217,0.14286946917658463,0.0696067249803648,0.1165358272645755,0.0714103082700095,0.000988624522048247,0.06396284620457293,0.016952809898868017,0.05478568363702,0.0735859477348382,0.07184042709477478,0.0778135688256501,0.0133990342965544,0.0560109311101692,0.051657722638882,0.07185028204049544,0.031081268301746203,0.11347391238031102,0.217058153947294,0.11771600918784818,0.12440761207192891,0.19204780231653637,0.14639499729847702,0.1184112773019818,0.07543932796964263,0.11407722724325155,0.03610374641798938,0.0799490117805459,0.0531413279182662,0.08614490396537233,0.06670204396913006,0.09215729746738777,0.049541694304956,0.07871841200890631,0.14296786821999224,0.110776941908846,0.08374054017284242,0.03749666039048408,0.07513827855883078,0.07603089757525332,0.10918512484210657,0.0650272549674417,0.13011335961473927,0.12548843258721,0.024963572440578317,0.167076952409048,0.0191706809276685
7,1.91357368256683,2.64359964913369,2.58860424597525,2.54620884111411,2.53552598629569,2.89266629119812,2.14036009481079,2.00626770752283,1.06972479439631,2.43396156159702,2.36382167943734,2.08301282929207,7.69963946474179,4.72766522241267,2.5305360420448,7.41833257976766,0.299918582161152,0.102692557298474,1.383591997911292,0.6306237848627048,0.3721825502168022,1.96452363226656,0.715091018262931,0.1001747363730985,0.472171673604538,0.07494436354983244,1.13157116574195,0.0122404174400539,0.439914812323825,0.650587041820734,0.17350073126151955,0.7186631417790917,0.3299890119935666,1.0028230416815758,0.5567407708371352,0.9823230682830989,0.46255364965254,1.0463480168037,0.0902679864365428,0.16401340434111703,0.682796291481771,0.56591172204897,3.69470628029639,1.74888733993661,1.61933322705818,2.53223203139365,1.62704472350811,0.943711181607973,4.62126154656802,2.51072884743941,1.80449914442505,5.21991435022586,4.86379991646959,1.75160591025311,2.59295507553829,2.95693854420354,4.17450509927685,4.02798272766385,1.19444398833501,1.41855408704917,0.0781803918112282,1.88972093478194,0.174104435416431,0.154194828967084,0.941915124104536,2.33984874064356,2.81544104660953,1.82051490178332,0.849417968766268,1.92404142401065,1.86566220336505,3.55971029520378,3.07262783290674,2.42486579191908,2.60280963302233,4.2282179328704,1.61591851771771,2.41595819106437,8.62809754383346,3.14203666208869,1.47657917111729,2.93025486704987,3.08388731097249,1.4879474491899,4.4928920515543,2.75927169156427,5.38299559712482,2.96111719584968,6.07700694395434,3.73449402724323
8,0.950267848189689,1.07168288104933,1.0359708865066,2.77201052480435,2.77319267426905,2.86355058456619,3.95481128506035,3.9618776649871,2.21009454347309,5.49657051078575,5.32776743280851,4.81274911854197,13.5117849467388,6.443926354787,5.40039810074157,4.6974909675888,0.442995320336916,0.249016921155676,0.928611066005844,0.514347549575132,0.56736475365805,2.58833641502197,2.26065405810349,1.03192150429281,0.455675160456866,0.171411160027052,0.9522396364098,0.396448227471681,0.35118307239103,0.448843808778729,0.566889067918234,0.47218750754932,0.67020049329901,1.17813494715702,1.27620418980054,1.45785733218446,0.553596490171264,0.663182703051732,0.40606428594776,0.358501721910684,0.564211403182669,1.98781980710832,10.0095124508873,5.59813763188633,7.10020265214242,0.935857690994881,1.64770653025014,1.01256656285209,0.571993949259631,0.563631662148594,0.683746053303361,1.84806723179336,1.41874939980685,0.783905555120758,1.52894795252392,1.1052975659555,2.33311343101702,1.1296576446922,0.544457128266527,0.494073770753484,2.65298227173049,9.19190363726991,2.38005610661576,1.4134831735632,1.25957243576632,0.72182114689894,7.91553837686656,2.13893502743261,1.62540855497101,2.11012483255201,1.75097325347288,2.44511642571659,1.59800630617242,2.28004270427958,1.95217259876762,1.12541649253479,0.736834357295157,0.769758360316511,5.48799352132805,1.26029913077958,0.674968339956655,1.08698299434118,0.993662999640103,0.704860732073904,1.12392521924648,0.729638514704701,1.50913107497736,0.925944622629454,1.39493290629216,0.680478413364687
9,5.10067788451042,5.97489024747758,5.82673650114321,6.32308094693241,6.52527229855999,6.78500197677763,11.1152947943199,10.9175829694665,5.94826564686546,9.56691575274138,9.24461226719938,8.22266882703025,16.3358814693886,13.314075180923,4.96865090746811,32.9428366135178,3.5016026716729143,3.0650589542370374,0.24704468435196172,2.164634443462341,3.3993291901348144,5.33103576150044,1.97444963791454,2.1328963745209766,0.7887882588330363,0.6633368208437275,1.6141925768715,1.1127840770853437,0.10814163229341216,1.570799721038468,3.4937991719314025,5.419131778920616,0.8934098773570314,1.2391943721949392,0.0700321132425088,0.45515047700648,1.5855528781327535,0.2095200453072,1.1084611691955837,1.0890167554201506,3.123289055500559,4.80516273674671,15.6614506571007,6.70626091450734,8.31726204210134,1.75737311997339,1.82047090410571,3.614186934387762,0.473014195945788,2.4195907131201597,4.524002783811363,4.12394913735404,3.73249507345345,0.202338210050769,2.18487352720267,0.737883960341029,4.26763311190614,3.12654929983584,2.9168805783504084,3.582242502330392,4.35912844983791,23.7555251706627,4.29543647958247,3.458446788089708,0.0846953379223464,0.0391143133230256,18.4592513814629,4.41478282206284,1.49569670674843,4.14902084678159,3.31046351641135,5.90257794051463,1.09458351792441,1.9796434148429,1.45039926871139,2.67102865647861,0.160432031670885,0.980351449019104,16.119932653134,2.19987199497048,0.424064992795047,2.04013431181499,2.04870178596932,0.109654190644956,3.12932722205338,1.00665292733119,4.87140961298787,1.00814238733835,3.50091008021043,0.647755050794105
10,0.487382629303129,0.608093330052607,0.51951083800139,0.36339976158875,0.40277550806475,0.36790827614691,0.47206870557527,0.448062306427518,0.253163516957323,0.552877021876289,0.589504162534572,0.484185150812037,0.53966871066835,0.436938033437664,0.130324279209173,2.05837913964158,0.0893235443786702,0.0361242023549476,0.015085454909121,0.00654236503481412,0.08276527537604886,0.255579763854175,0.131466854204355,0.0342646035334401,0.0800091378920953,0.0404246739022052,0.286928533497898,0.0293648977836551,0.0475703847222869,0.129333419785817,0.03463030580274385,0.04152631577766104,0.00311755177237259,0.0402469587540314,0.0628236320476151,0.0918045369829126,0.111910574412298,0.137740545804548,0.0477814175226567,0.0343931247442572,0.0946366529348324,0.345772793130231,0.468158750443218,0.188919005534111,0.215164860807812,0.244251059030703,0.227889482945335,0.109106325683242,0.250025935994762,0.121934402075306,0.112976592669583,0.236642976515842,0.330708816113193,0.0351874969847452,0.154095646880226,0.0911503460633078,0.32449750509329,0.114860470788081,0.0159445288020461,0.0170623636146701,0.176291725608547,1.36640207782191,0.211406871591254,0.0246526295090217,0.0182800302096322,0.122927936397817,0.67126236451381,0.301448880744941,0.0711170506224177,0.256456695814525,0.190045473702393,0.335292249429943,0.125309855478214,0.11593027983286,0.214686460514692,0.237803240416496,0.0186283703043548,0.160351416324231,0.976499039127516,0.333634659730849,0.0832167294212721,0.0865027214468167,0.0908144151985066,0.0176867239257178,0.410669225356137,0.233220252951906,0.533898038934115,0.231713122330705,0.38692961267321,0.22672111801672
11,0.944856968494872,0.894794484024041,0.827397457214268,1.02634290603636,1.06098144053776,1.05187456593275,1.20194929039354,1.03271143002851,0.504588669816418,1.55121125334487,1.55782778475928,1.348556985547,1.30407693407805,1.06287627092694,0.00209896395816954,3.99407215508846,0.11740178283667325,0.09639945754268614,0.6627699766616102,0.182308599803628,0.11825262759066381,0.0278202753225157,0.05807674445105556,0.09284065522561433,0.7601425260592505,0.05291138209443588,0.131310446626785,0.05593691291164844,0.07391770362170651,0.15245975241764786,0.0911702716431007,1.0529336642726437,0.7394571775032298,1.0934169436840506,1.0946308361854844,1.0927240888942669,0.14576155587162837,0.0963616223400644,0.0736378922239769,0.0648535776408093,0.2144031989056588,0.26923825119221,0.14453548872628,1.0656785755187084,0.07446668454767821,0.227927020262312,0.244229374584383,0.00385107992004232,0.359856740902992,0.2555747137033468,0.492429704692127,0.416905081938778,0.845296025369577,0.1799934681934723,0.00162989451742192,0.7526960352801911,0.383998203960429,0.20908855316846875,0.13824515227364817,0.06329963666027626,0.15295643831619365,2.75491148410276,0.1891822043761626,0.1604483534653043,0.12196512145805156,0.0669884485642444,0.56773060577174,0.0439903305334035,0.28794084004279674,0.0476751123512467,0.17351135756669334,0.344646458357581,0.1665431160199331,0.09061813652329032,0.0871412728695707,0.306322468810141,0.1841240981634545,0.0589960369105585,2.79519500109682,0.543243480070219,0.0272362523418258,0.03226774090908315,0.2082051041180825,0.09828178986004363,1.0579389870246,0.483171526828277,1.38676791093267,0.217480408687369,1.16368890780289,0.465498365116476
12,0.259809340320596,0.171688863813797,0.166893733159253,0.209199555288093,0.23117623092009,0.242482236721764,0.266238914910724,0.241059334290094,0.125710765708666,0.345212810895842,0.353033958707504,0.301658432930888,0.307052183572461,0.256549617899395,0.25393768960124696,0.702301057437746,0.016958548719336716,0.015338628484869858,0.19505596831805858,0.03283498368787139,0.01703033927168564,0.00374681542258183,0.013775941347355191,0.014449426393758938,0.020419218903006263,0.0051881014672079265,0.0332748665619194,0.019085188625294864,0.05121831533718192,0.0174309766182514,0.018877219730723583,0.15547947161468803,0.09671033423465426,0.09021125890513562,0.12149990681720474,0.00657776470303917,0.027771610805114345,0.03960086870537037,0.01868004523041952,0.02021058581756525,0.030448115248855278,0.0226978061790415,0.0543998476026812,0.43476607199160255,0.2603410112132268,0.0249875934469554,0.0332864509945899,0.00455362033046453,0.0930345997293008,0.05482299607484945,0.1309123072182541,0.0307953550983436,0.149592961334037,0.05022532592071949,0.06391624640502634,0.13154882265539522,0.0524161268617946,0.09425732973919534,0.018833896780911616,0.01552602470841408,0.02060210031565359,0.667249367107643,0.02474965573756479,0.018999640797398364,0.044661730915800564,0.0809190468460821,0.0173338394095001,0.05474824821070589,0.04248186209437269,0.0354653437984063,0.0256066953949479,0.144886867708913,0.0209086908028419,0.00276837960698915,0.0185799642938606,0.4560733053378239,0.07680722425015585,0.26112387058350467,0.434464120915718,0.121372138407253,0.22807330075963544,0.019680052910315667,0.05580487366057194,0.019622449132095408,0.201129662926563,0.0929756229214905,0.213912240481857,0.115878674314587,0.480272347587206,0.251844756240241
13,0.108287056691291,0.0936746297581891,0.103076620075538,0.0979343177718639,0.114443253010981,0.121691297379702,0.127313547526253,0.125251680539141,0.067131725857562,0.122997877749293,0.132252175536968,0.0986954311011305,0.146702057931731,0.127328727673847,0.065672940333824,0.273849091955072,0.043151951871188,0.0289996746124586,0.0465043299702038,0.0287885969150988,0.0365999333437463,0.067068177757156,0.060457598480141,0.0252908361593954,0.0353216094966527,0.0288455182727344,0.0631191584294633,0.027577761061575,0.0374080124729479,0.0580992805264476,0.038077580000272,0.0201363883683213,0.0342670612717059,0.0289133096632024,0.0405649104639423,0.0564289098616359,0.0340485017295805,0.0435216732191558,0.0257596074260387,0.024955453223095,0.0324033197097801,0.0496935545064568,0.058048853121092,0.0551262070049675,0.0510573859937884,0.0591347357286159,0.0529294075893749,0.0435845945887074,0.0990326897593606,0.0465252044739022,0.0522330217919978,0.0644270715103802,0.112719105857712,0.0495244480253745,0.0565273087560494,0.049181502219003,0.0891970297558197,0.0542827761487242,0.0304451560030825,0.0372937023870507,0.0249116720744545,0.136291278692505,0.0306603804118347,0.0215360294186318,0.0221207325244793,0.0781641036463601,0.0415112051762001,0.0506021419445795,0.0240896529396896,0.0542640814316232,0.0589712513274376,0.0918527069763067,0.0606529327155628,0.0616800029673137,0.0589246247377005,0.036123293828202,0.0278752189087179,0.0378640655129495,0.131233449118582,0.0637771854500615,0.0424937021766052,0.0540709388458042,0.0575992250096869,0.0384992630189026,0.156834429067452,0.107538005085476,0.137896070401422,0.135689296889218,0.359270313407034,0.21688266443342
14,0.622340321772471,0.70518408925726,0.727641388746035,0.872646020878667,0.882110818181054,0.981519446692751,1.05892006531271,0.981924516244545,0.564742950331509,0.933638455290281,1.07584315080998,0.749786032592753,0.827143367919784,0.7226185640017,0.549123808257954,6.40250656398971,0.329373259659692,0.286568685951228,1.0415561539834,0.713567731622357,0.399017200047438,1.57459189306606,0.575113388073077,0.102005741976722,0.415443449598474,0.214423923977271,0.872800186260046,0.227865017870662,0.782533436788386,0.659467062584841,0.600565670268333,0.256367625352008,0.439495465574659,0.228177947390057,0.451415638903263,0.335319552773647,0.455988940600835,0.656673104851158,0.307305839234075,0.285946203319311,0.649227275959617,0.800832903857104,0.470998399299656,0.520860588609929,0.354431856552416,0.270627246973426,0.186283518738045,0.163351620566035,0.571226720980628,0.301581811100573,0.257654213107749,0.817994840587559,0.776285717775742,0.312690799197235,0.33959939098227,0.474632525953354,0.584889117532055,0.35149986944646,0.149618371688555,0.188299597296619,0.123432048093412,0.790041666095762,0.22495452275194,0.109156270169491,0.251155395784562,0.750042546108918,0.51532721177335,0.463149506747537,0.198691243776107,0.345721963397242,0.350833058090495,0.592748973917364,0.41479090525497,0.434093637105004,0.403884338135913,0.338891033288787,0.206828239540586,0.3355690046737,0.984125346647832,0.291617181456717,0.141555141555623,0.349339536391775,0.35951119278654,0.222155750870922,0.8317325706371,0.617108037023727,1.08697498661938,0.826105055488562,2.45478484244123,1.56493936844489
15,35.2885642300833,38.56289928565,61.5808599706258,81.3637766760063,89.6034606356659,88.6824635831846,62.4324910539881,96.7684386398466,109.952454175427,85.2850476180048,86.8720177615449,74.9430849205759,189.225053840116,179.913105689045,144.991577071713,269.69520805829933,23.5033454418643,18.2228974975905,23.9300917685041,27.3521960943054,16.2664751573132,93.1984366597456,110.35179736032,65.3567079704685,18.4976489434287,15.7175669792206,18.3203347425405,12.7214965393948,16.5025770068592,16.6557414736021,11.5182456766372,17.649660853874,14.5359152979111,39.5992980231077,47.3955600645866,42.7363827917057,14.2081767174665,23.6918445723545,18.182166559776,33.1328141157262,35.3568695518348,47.1473785753346,94.9636275386808,108.094213358333,98.1322544194413,82.2393220709096,121.712167906794,107.596971310272,42.4582932812177,34.7966939508687,50.6344320187467,133.890078155376,86.1917291670276,58.8173091820602,181.91787957418,152.412260490244,195.810537820142,87.3174204482862,40.8623008324011,33.4453476135448,75.8099923651021,117.953033933425,75.03972616724,20.7950037808171,22.2780912228598,19.4849792645476,64.8727005386521,34.3914705257215,33.8528968167431,231.781469075561,231.728843796473,258.483969452922,66.9781999406581,51.2506111573103,50.1371622135101,140.712753314497,86.3423220429605,97.0855340894913,479.498027074881,245.184314058125,202.302350314034,76.2335136205158,80.0439334299107,77.1769206310697,138.523887778003,114.35162418655,160.319670304045,48.6556063120718,65.6108359185231,46.4486647540071
16,0.0682951882203587,0.0673118102544162,0.0647527543915162,0.184194147040409,0.19299228267974,0.187893129605097,0.263489443757091,0.242677269307243,0.14110058282783,0.326067592693712,0.313688997847831,0.297067763408766,0.128204231371334,0.121183524260568,0.0557920811648325,0.169223036709406,0.10634902440613109,0.06871791368030855,0.21126337019179808,0.20594909920918392,0.0306823895595935,0.357979866833356,0.248264244166285,0.0666093331661297,0.0939113751829777,0.0485784326928276,0.187912026617835,0.05735581543175974,0.23375525737481262,0.22207375117884354,0.0240742681191707,0.0870005981486614,0.0255875884932557,0.07793860533287218,0.06058229495682381,0.0429380719721111,0.21845379891351874,0.1837335371725004,0.10593718514292749,0.04815661821067136,0.2027919732294692,0.202590616790389,0.251231620821843,0.191851393108295,0.131020053235578,0.0819920258620341,0.0815045553647036,0.0448832285920412,0.0532227077779973,0.03887997981163,0.0256394068457098,0.054248284152578,0.0608920454369609,0.107298140656492,0.0596774344632775,0.0587312564245034,0.112557553674808,0.0465446179205979,0.0195779074700915,0.0238385874111534,0.0199786169555319,0.220938064985811,0.0265679113855261,0.0895179126163552,0.101600516444467,0.332985968027398,0.712617466464559,0.405802492903639,0.116095517363823,0.0840517743091199,0.0752619944279613,0.103685925702836,0.0372167037456946,0.0408341025266512,0.0677094701467155,0.17475351492497507,0.06495143795458021,0.0821782091740063,0.191338775693103,0.065333793834031,0.0335484451796696,0.0395171459792663,0.05061289443697,0.0287415031513365,0.0336025596845468,0.14678140346134158,0.0877794255799597,0.212673978791243,0.409446680742711,0.263430718381842
17,25.0913785401124,27.3349767927701,37.6162463685108,30.3784103845017,31.9430904465699,34.9219843197466,18.7545970817099,31.5892621732743,42.6553047509078,23.9898467825754,24.2388421719423,22.857353630153,42.7239071100565,46.9094146510287,32.2376243253895,40.5001330789566,5.39852623978423,4.9357643229775,0.878242253156582,3.19717908229322,1.04146663589767,10.433670767931,14.4055850113334,8.07025732258283,5.03939910172289,3.60736241634615,7.5559407733725,5.8083607555697,5.46610366700201,6.5404593213055,0.482436990313638,1.14311774845804,0.988787293187988,8.41229604524194,9.77717017217867,9.19724381932421,6.84742372194153,8.63033995112946,5.81338858279733,6.22464351696785,4.56266698992263,10.1934633838709,22.4119171696308,32.3941223906059,30.8482660011366,12.452322502419,31.5394014263837,27.0110148460951,18.5376268374706,17.1639182264699,33.9244923926631,45.3078617527425,31.8570961941408,18.4849786386072,33.1684142401773,24.5133528511155,37.8818406533095,17.7725792582022,9.43486532450062,9.09563425711896,12.8407574691755,25.0006281351641,12.3865168711431,4.0653660071469,2.03292032221742,2.17123663989161,13.4273501387267,3.94894617030051,5.73609736654885,38.825021558896,35.3724559570821,43.1458368506369,19.7251467025242,13.73982838646,15.5163622058318,26.3856504898512,14.044227719495,16.2323152560072,143.721971944332,58.3756362743846,42.0643522245987,14.7409663346949,14.7927044064228,14.641483131233,61.5198539699563,46.9741467827103,78.4728206647195,32.6046826857556,51.202297492273,28.1313435605573
18,27.3837461595561,29.8790988888316,30.5685446398836,43.4143723152388,45.7804635574477,43.4024858925291,27.0996082172079,25.7360164031076,9.99903224495531,20.5090361706405,21.0573091817459,18.3004400001886,35.2887525859324,21.6595661428966,14.9345185624841,57.63642718765186,3.4006302313637,1.31818343472627,1.63935629847903,1.01114427159928,0.817757160839962,6.01312416882758,5.93130421678837,2.61779017091699,2.82220998047315,2.57418287571758,4.33779860299755,5.04519326563781,4.53712715192697,6.30629780441798,0.209521524283619,0.878297684777637,0.717735408036512,4.1593307277797,4.51623484099676,4.21660847369272,3.90818271165107,5.56814125314682,4.0078452575007,3.15307947533439,3.20496887696443,8.68035980985489,14.5826336783019,14.7151399857893,15.1631382858738,5.22528468547548,18.1400112974208,13.1583632263687,10.6607317211887,10.3874886779204,23.7320576510611,24.7323674377849,14.8733197342464,9.90720046140806,18.6725104864823,14.4183394950456,26.0479505581011,7.6826182986728,3.35411472230543,3.05078329304747,7.4463425276646,18.859087375327,6.70043043886929,2.89399953358989,1.46743522921329,0.995605672948819,19.1230298637052,5.85428962977729,6.11653381189338,21.6460849391313,18.1866969442434,22.5737311243438,11.8944720401661,6.29541257586269,8.32972809288901,11.9945332272725,6.97110403639971,7.25695221105668,117.801969344009,40.3722550381497,23.8831074394144,6.27215186187933,6.53251816552236,5.78114153036596,41.0400804697669,29.0554264281447,55.6162848034568,17.8760898713412,30.8767498625047,15.3014206174064
19,0.131089957807015,0.154329013855094,0.153530584911011,0.42184446035984,0.428920074694791,0.381516516178729,0.565384127975466,0.550071185037222,0.264157894509256,0.86962017266024,0.725941647327909,0.666837704002268,0.396641889516546,0.174077627721949,0.132253264603495,3.28028615032419,0.179182467512417,0.112386897833149,0.11309467510413179,0.3546936357062326,0.2822533657999776,0.996035937230656,0.574412464561935,0.233218060417251,0.130109738166917,0.0821901106456752,0.476700103547881,0.0936033148235561,0.0878877905962994,0.131091379699668,0.14491696751001315,0.11502139982534261,0.1303731557479288,0.105503581815163,0.103225913447497,0.133297132524285,0.222566218425214,0.257824861875326,0.101906298775935,0.164872257851921,0.211134317326006,0.727687858351676,0.68303404529463,0.352201387180799,0.42274940279909,0.118187119046123,0.133149138900921,0.0580507592703165,0.1343861043350244,0.034073010036677,0.0314722261333678,0.26735464302422657,0.357222759581174,0.0303796347002393,0.183310552476065,0.109212513282002,0.262816873531693,0.108714736575484,0.146190776765587,0.0397534941624884,0.0975600493917739,0.420323026516004,0.09797267467924,0.163468611295978,0.154628364073602,0.105993595306382,1.15647324675508,0.336549128487312,0.203018721956611,0.0836064021645652,0.19580169137685788,0.109459705472012,0.195644292363708,0.163728164838579,0.142616495668482,0.2676186274732797,0.1360363706177519,0.4145308419613408,0.185576931126354,0.0580044943217619,0.3936084271721439,0.110524593181052,0.110163966490166,0.0617524445242764,0.158094498175461,0.13135277886867547,0.2187498559403435,0.199256999955399,0.269240830005789,0.253072651566128
20,0.221659472107759,0.46656702012981,0.526738989521733,0.851716148166867,0.91590451024011,0.561885802738991,1.3508184630034,1.3686610361943,0.740642957223466,1.70936548216485,1.63197081127903,1.53538784103586,2.27170415533414,0.892943584272296,0.718500189646855,1.9872126781004016,0.257007612957858,0.0717227382212628,1.3421530348220114,0.5537505004907436,0.4603164139673559,1.06734336862247,0.934910679470084,0.498208240483169,0.230088290216766,0.0515209634951083,0.516001506780291,0.0944179860960038,0.21279501495313996,0.139836253241232,0.47609378487370685,0.18468635445907622,0.19628270945794885,0.172681994920023,0.17438249943472,0.207865371471502,0.226790920151658,0.25470817374327,0.47833600496406675,0.1738258491670226,0.8059953349228084,1.19526822598316,2.54803475182195,1.06186320200919,1.3534361535412,0.276127766993887,0.46792641392118,0.208466709259982,0.3068960427651589,0.28997345402886415,0.212425044073849,0.410070795566517,0.373771860072943,0.3755356404736998,0.447366954182856,0.365465224202216,0.575613335899184,0.383673245734547,0.30620826135352747,0.131388036516736,0.601014426925113,2.62324172147438,0.571159807221568,0.325326007927844,0.7966372531093735,0.4461802690632395,1.7908756752058,0.430451889976848,0.352721106457683,0.517143012511143,0.47277409012752,0.615517170240354,0.216257753772339,0.375818020425763,0.256943836131388,1.5978302912331428,0.4127991679096984,1.7554554897533057,3.46878844384853,0.702590806812915,0.460943636546585,0.401807285285341,0.3382603170368,0.262333076544736,0.156585574701336,0.164440367347452,0.581426616948383,0.158893407477329,0.53368478431366,0.2847262994911
21,0.421582038030695,0.540078642246135,0.502118858790343,0.394144223208071,0.362404977642904,0.395467744586963,0.595472537079675,0.594143282247114,0.165377267812469,1.21493706726883,1.18217307065522,1.0374363305519,0.31959834505109,0.103881110104164,0.113135626296365,0.12600811615355825,0.0592361759888691,0.0829629414011184,0.26904053380132703,0.12865238787760797,0.08733009608375435,0.317272288661431,0.173415265741519,0.132339324655256,0.0492270113428376,0.0253651565010521,0.0656860203495305,0.039441883876663864,0.13128392471217587,0.11094283713531716,0.08655997675782562,0.27506534823819573,0.052512841354238546,0.117938891209348,0.045890600340517076,0.0591365924317759,0.07926490900495357,0.05418465642028,0.17853476179488262,0.08916673646985857,0.14430220459634152,0.182692892761037,0.494314345540997,0.1536642754320241,0.212763897854411,0.0753205715343882,0.116657789376455,0.042137478993499934,0.2800872898441574,0.052343376881035096,0.20629591902424446,0.21984921377076452,0.23023753640576644,0.21855140077477048,0.261339791582776,0.189962382983562,0.381585432401599,0.2771100939375203,0.03828339922616184,0.02532457122528055,0.0192028482406079,0.277286152791535,0.06645568310958244,0.0486667794845933,0.15505849007365627,0.19663164531399174,0.23722145802345634,0.057556098571370444,0.06268707180035295,0.15303041488724767,0.27692761955337675,0.3399122289732278,0.04714056704267653,0.165930849187906,0.2757951809888462,0.15588297531374648,0.2811554371721007,0.2703157650004869,0.16393062002815914,0.28652602747015077,0.7523821139087076,0.0566004791436667,0.15253148196525895,0.00138063100672666,0.2924668418415263,0.29218733705589295,0.2786104619498321,0.17803517677825886,0.142521325142738,0.048188289381385
22,0.259940815980088,0.375094701448249,0.452556960141095,0.743282796387347,0.778482018119715,0.81178447668104,0.911591644262212,0.949660703087277,0.922978166131873,0.949680234418314,0.916467091804909,0.824342674381611,0.605374935307549,0.12325651947579,0.0567544509670921,0.5782387441656173,0.02592720796020619,0.06550902442989875,0.43566132647169636,0.26530670728654837,0.024824314675210468,0.06045750891472393,0.0149887851497808,0.06297212477635002,0.5658393904061324,0.021444858634629554,0.07292988720432206,0.03055009154392921,0.07816710293227086,0.16409286523389496,0.028040192361469967,0.45973712118332866,0.5540180969469123,0.8220475498884987,0.8232892109829945,0.8214327848863922,0.07238586657205079,0.07301889847020804,0.032636071921948014,0.03263559146089269,0.24968405439279862,0.25631776288439057,0.505014088769469,0.228581403527948,0.438898621253004,0.18435555800344358,0.183531380914116,0.0358573639843111,0.36088801374763924,0.24783169386403608,0.138157275245908,0.736428696054883,0.282139173172887,0.0321858640185163,0.362178172114925,0.156596432147648,0.669882218548574,0.0333566539438051,0.06642675220405231,0.05528634313410947,0.0164177094710219,0.74094080012142,0.09336108081131884,0.06069645306578359,0.43001082503574417,0.17639623075322058,0.3798331687193989,0.18573179521396155,0.17952875265269122,0.188816617629203,0.102353132507777,0.169235261293451,0.0615836757100184,0.345339391491427,0.340157303871394,0.42875255048377775,0.08976503443432966,0.4978705475164425,1.17128057189577,0.025506325451792,0.595553902824754,0.05743545861402569,0.03920903142115353,0.0636879367996993,0.727236099321096,0.334226053828646,1.03395032349703,0.0635204260566835,0.3548171488165622,0.3182383650191641
23,0.894574215146345,1.08839213385879,1.06006070793407,1.94311888979088,1.88885604499035,2.06080348294966,1.27287594892058,1.52294957836937,0.899012809585451,1.83034446848573,1.83302997979689,1.73245890105433,3.19137656062711,1.0978799874176,1.39672022104879,2.695865406823454,0.218554696535468,0.27131140956454197,0.8002885744777349,0.9666198870601932,0.23749435538116337,0.2801407422020247,0.253746886202712,0.271932128366744,0.6851286685708806,0.30003662252461494,0.3112430200369398,0.30705707135706173,0.4820976655497119,0.4928272077325879,0.3159640849786414,0.9361051469654726,0.6914520326390029,0.8500968798499395,0.9946638682718757,0.419209649878241,0.30615884236312035,0.31888502451358675,0.3003864108601712,0.30117390655241244,0.9508493028229094,0.9551159604406824,0.954671358635379,0.747662535806282,1.04720913200194,0.37600736005939955,0.464181444998444,0.560627236764791,0.162374321247281,0.263159483527507,0.940300110907477,0.914428636500842,0.598596547515339,0.50281521638534,0.990687448515294,1.17079015356709,2.58271473671924,0.25867004704198,0.184503597519095,0.273865392403226,0.4822546554688,0.87238324232298,0.321393234040578,0.2603908470631131,1.0102976887045425,0.582918839301849,0.9480399396612317,0.5178402030391387,0.36301143360753624,1.31796172928617,1.01933811647056,0.808859364406758,0.423881770462542,0.94963544064133,1.08250814545768,1.9160737468068776,0.502927832467938,1.0039528980439782,5.25014959702197,1.57753066198584,1.3266493799120809,0.277060366651539,0.445264968004507,0.279459502476886,1.56845109373486,1.1183825308241,1.84709588490106,0.92107448021863,1.11519771234896,0.461050253629933
24,5.05376967480817,6.48539719709673,6.22377810008517,3.74900517930407,4.51196966280468,4.13553123138506,3.5165500290063,3.41437142300139,3.70980279519475,3.7530147174647,3.6068574110962,3.38963522696855,10.3566085949618,5.99353949159948,5.25378477501608,6.985329601875229,0.885457783149437,0.727410535546005,1.1610047877030931,1.0707379306908886,0.8150010231494366,2.49150705098173,0.985924544427609,0.228082993786294,0.895152321161582,0.641256735994222,1.28175982049707,0.595318122426381,1.16812372145743,1.22589156903073,0.7526537421237935,0.8002251511983615,0.8229708171038799,0.7588651998598533,0.7351203030184739,0.766623526398293,1.1192961227937,1.32809055536116,0.995858431532431,0.79412081089852,1.21178496959129,0.778816284711704,7.26607316582853,4.27658223366967,5.1390679445033,4.94550104849438,4.15718717649519,4.35280885342295,9.17424635135614,5.95824648341622,6.25622970683264,7.81125875262743,7.38261677808582,3.35494433148598,5.49773654886716,6.51128816466834,7.30378873047407,8.25326237168905,4.83551646473954,6.74296326499286,1.75176765824441,3.95173991419846,1.94490558941634,0.534479526301625,1.1710756697845184,1.12754211645115,2.04984704247947,2.71120473664565,2.34515242519342,4.85283895440236,5.49696387381961,5.87791731730192,3.50499511429683,4.34816915585365,6.88581454630078,3.45584297404913,2.0965636788857,2.74541115787116,10.2012390517181,9.00360261434517,6.66047029364671,5.65409037969198,5.56413138137194,3.45583579396736,7.61932126502047,5.34677515005182,7.15078469200243,9.1804110256444,10.5005517053162,9.17236844968641
25,6.73328183290662,8.12854320796304,7.99255740849099,11.5625596376012,12.1635596510441,12.1400217907432,7.8925072410295,6.55523354354772,2.38145659196636,9.8931968669033,8.41294216770407,7.85392667284738,11.7722400495605,8.44975212207965,7.40707113123587,22.145773120958328,0.503346072760478,0.318420590611897,1.1644544288894858,1.1686673891646713,0.8765477991103021,1.84363821914386,1.70099685520259,0.712983424756152,0.36115515371509,0.346869107656978,0.853899556387659,1.17543859513639,0.604978486009589,1.02464626026466,0.6737348846042004,0.7561778565434748,0.5539859918354432,0.983815392190942,1.20301745380791,1.09453471321603,0.78787037237991,1.03042339346455,0.725047667045199,0.618924541699919,0.411954296698357,1.93887123978858,7.86659092103996,6.28707642030325,5.63873313109666,1.65561742118754,7.10598701117599,5.02670261259808,3.4044331388092,3.3788928743353,9.27871370537107,6.8664703208799,5.65539737560655,2.79942817757289,6.9093064359363,4.95553941812616,9.77705706576858,2.7267291833929,0.932603240756154,0.869514032429018,2.71031734828142,7.51750233634925,2.83083724510779,0.674363069220876,0.7067845110313893,1.0379065194927117,5.47846770946785,1.40213190955085,1.3093840445969,7.1066890126348,6.05364735907248,7.36557337448612,2.81375705519934,2.06850432827262,2.64052814592809,3.72672756299967,2.37443073742265,2.28020588438874,45.7434418023231,14.3651340519799,8.89044560418474,1.84702494210728,2.10421415272688,1.91393489373947,13.1225519730311,9.09656664543744,17.8072301653768,5.57652025082439,9.79662895290242,4.32131681046231
26,0.27590713767126956,0.2643478821388759,0.5128946619320791,0.24216043021583553,0.39153349344071686,0.2377241546317194,0.2312185735684168,0.24386501553572937,0.198940117625811,0.3840545753883166,0.48846180396911837,0.5576346034358824,2.36372061201353,1.82974827630902,0.852263688217142,6.79035575046847,0.517508254882369,0.454060440270344,0.0605654869454279,0.102347906023224,0.4465179446985682,0.889920626503598,0.573255002846048,0.198006729236694,0.390089964272586,0.24242291043234,0.717805685947035,0.207832709398699,0.252953708513885,0.420897512541783,0.20911421296488564,0.0414203719691608,0.24378275051109963,0.263946894680115,0.338146076502177,0.400955253236988,0.401058754963471,0.452986234576522,0.208554931672704,0.210880177800521,0.269420372302432,0.295989677410508,1.69327514405178,0.909111013111436,0.827477445582347,0.980239870843627,0.647000668862076,0.449975677983631,1.09799524178384,0.645211470583593,0.55271084927183,1.49485200161156,1.67004771528105,0.673402882788329,0.913572434547546,0.804204324742227,1.32411999252812,1.05799138138368,0.466224686896655,0.444491584089182,0.445700644553671,1.55492220271606,0.456154439045884,0.208249506173158,0.319810503811715,0.515896841677515,0.942650690349418,0.592684698412145,0.368403284973064,0.794948975128203,0.736082615613844,1.11894186845116,0.571227709209545,0.519852745402824,0.547036639550544,1.21036159972274,0.684310223572206,1.00116743984641,4.01579916219759,1.43710383946135,0.799038876889798,0.862736887787161,0.859409518042746,0.55015255707603,1.2905004331111536,0.6888193415736035,1.2437004396802285,1.01893864955944,2.10382974860112,1.19044646602995
27,1.40069611246641,1.46063949475858,1.34825087003023,1.8281409665148,1.8638803874671,1.75955240656063,1.72306824033976,1.51312236207162,0.741518135295193,2.24316963753668,1.44475993126558,1.60958612528707,4.06814008329007,2.58855134501076,2.20206275203399,1.7809221253108114,1.2066344837077665,0.282387614313813,0.4150460682221738,0.34766036393206956,1.181984268664616,2.32179671995407,1.01564029908505,0.44694243251135307,0.138166288621135,0.48023124710859394,0.402896817083742,0.20213105569591275,0.225932603248468,0.494046531866482,0.4537239689197293,0.7720508857762939,0.27340349425874527,0.5830596819740311,0.5450592745991241,0.357131939835213,0.0689714928587116,0.345959089222408,0.7127249020896107,0.39752638195355106,0.309548479503668,0.30917205789325225,2.43350219818653,1.31953027082788,1.49913891812465,2.89753901858019,1.99704291574003,1.75568553070225,6.31368006375454,2.34757076823779,3.22029351741244,3.34742145543183,1.90427456188511,0.79943503837769,0.839706258853341,1.89846066595628,1.88463928657496,1.49222950160257,0.580969894806243,0.807704701277993,0.15009312317008,0.66892216580004,0.138301170480509,0.46520277281020805,0.35049905243324936,0.8086729026295372,0.765196539353076,1.15547794594873,0.734469285969716,1.6462720203807,1.69225788944949,2.74539377817128,0.761120293019894,1.21934000257703,1.14607087073348,1.6637317928526576,1.7037774841851914,1.524658550608701,1.43766755137522,1.0108883552096,0.324573038167525,0.81449460660587,0.92055228574448,0.32251251008088,2.64893254042581,1.466688462975,2.9049226633194,0.986454417555863,2.54828026687654,1.58311609317967
28,0.220605744981008,0.290571444884909,0.248151756795922,0.0597684024366868,0.0344727587828539,0.0396158321663623,0.106168253949096,0.103338602658577,0.0615498534890115,0.14099205771516,0.12035234003606,0.158182711912148,0.24529438388935,0.142155831776829,0.103467060649198,1.03177970532532,0.140822161151111,0.101459747482165,0.0732753933268547,0.0757271114705585,0.0496405571637637,0.398291089010471,0.190395602734436,0.0487173119802001,0.159818200353462,0.0829262099653223,0.266406222456246,0.0699887610008492,0.146707907086967,0.1545527615681,0.0487079282119921,0.0309391826438105,0.0415880508040838,0.0970164922476379,0.140044136770657,0.157127973290851,0.123269592337491,0.195883758751888,0.0875515851930711,0.0678027659646694,0.16786658319016,0.115984809571354,0.233896937043502,0.132586471894917,0.121092686783843,0.203288921810226,0.131862151710142,0.101309446020107,0.179796422754081,0.11904834317719,0.100666230059325,0.284243613716729,0.286366152225464,0.100795691407598,0.123869272041905,0.17232407452414,0.21962065027932,0.260473244992033,0.0902661578994562,0.111187430911892,0.0346789490158171,0.13478807787268,0.0423466355881223,0.12079610320808,0.260814588524448,0.484017048562687,0.284045247728569,0.183105800620025,0.111947630345291,0.154927193845121,0.140686586629602,0.250674647736614,0.393664292953928,0.335284851631912,0.344734463522122,0.284045029997329,0.13925578021411,0.202802865839283,0.312332580681157,0.152668904615524,0.0651133974185638,0.208625840380296,0.21061883421442,0.114123996290601,0.189796399974174,0.117900644536583,0.203764133641338,0.345646015907492,0.677821384689381,0.468761437211514
29,2.43792255804348,2.93209940815199,2.82113879983291,2.29816379996468,2.40415699729825,2.41896558827842,2.16119535590084,2.12725317187535,2.1919308388837635,2.4783774932614975,1.9969709557534,1.9881584199530975,1.6403180454916866,2.803548180338138,1.5524189762858844,3.4698332524151225,0.7499410313517803,0.5198041033318136,1.5173483333315674,1.5588788031104748,0.6943497591813353,0.7507024246206635,0.7749894858471043,0.5182603109768612,1.9174934334833602,0.5298958889178702,0.8492141889692456,0.8113752319584939,0.8709841883358166,1.5553023457924995,0.7332609525899664,2.1301755741129176,1.9022238659388901,2.292117283072124,2.2914204063924846,2.2928151294384325,0.8375390229658722,0.9734777316003254,0.8975522074354456,0.8734107849482194,1.3906856222401798,1.2947921258958783,2.38564893757778,1.79145448616627,2.69857069219665,0.8398136142372247,0.8251617640845478,0.4678030628645872,0.699917043879118,0.736282746632374,1.49751080448217,2.1489629473418,1.3436607168361,1.66205757092588,2.57399526997122,1.20592713737655,3.05539724418817,0.888441448970842,0.403196245650966,0.366594920000074,0.6481367307981205,1.370534819094673,0.5296629628667545,0.46936379321139,1.557380599828159,1.5157582049951215,1.39535132182859,0.422968200302092,0.420516804501527,1.0646696870588348,1.400067582843387,1.284862229496642,1.29469837105108,1.34766561487505,1.91871774073653,0.878680408098707,0.544120871209029,0.591698731615899,6.33693568117293,0.923234991032837,1.48103273684441,0.814378411598744,0.854977779290428,0.735407357166372,1.24324110805409,1.70836994908402,3.34939820278418,1.88500068828665,3.1064410821605,0.738774056822836
30,0.0645607897758981,0.0977222264286056,0.0923122288775711,0.0911928670857236,0.0933497890591735,0.0999890587633195,0.0701232574477546,0.0672432286005432,0.0346927997545226,0.0639258519957153,0.0596484502755049,0.0585422300653858,0.0677874607997936,0.0354648756161853,0.0608011641784055,0.0630800288194561,0.01387912458720227,0.013478710618207613,0.0409025111764534,0.046689464729800866,0.019241884317815358,0.021872247976634642,0.011576140209909958,0.013328896522278998,0.05891189619084933,0.014298778766795098,0.0153892438307249,0.0164841199099488,0.03401584244320002,0.04435098298124102,0.013556015375393339,0.08870567743866273,0.05741023597204228,0.08704479695146593,0.08692020714786405,0.08714118869879799,0.028461023999099125,0.023854947868817495,0.016203888481309787,0.016292040699387673,0.031792834585324364,0.030345845642920834,0.0348735467604764,0.0443485366238182,0.0370325161724666,0.032128665708264725,0.0416898826811972,0.0158465810978614,0.0557760849863045,0.0354306338327582,0.0317300857034958,0.0848828331578779,0.0693296767956156,0.0402266155676296,0.0477110276475961,0.0378588525867154,0.0712115304422492,0.0468485337084157,0.0216478103320202,0.0221730699845614,0.011088817561602,0.0546860740841569,0.00838577928798094,0.018548377559569618,0.05371426914378041,0.03473930600260298,0.0928471777347134,0.0274410313682921,0.03039530904613001,0.0316676956414818,0.0269916351836024,0.0407943759746127,0.033635312315901174,0.03715438085251318,0.0272900493284678,0.05486065526692103,0.04268073016300902,0.039466410193843365,0.0973275222465051,0.0379567606566067,0.0225189040968985,0.0367066380849121,0.0434699011050474,0.0232742935387603,0.0201810024158802,0.0454420406917905,0.133913451013646,0.0322242191464139,0.0682624201266743,0.02770514787779
31,0.0637462700751131,0.0817692262701551,0.0775005501466609,0.03342802710623,0.0348220074477057,0.0366607713654182,0.0381784923570376,0.0376985030696378,0.0447908752139345,0.0434243149102459,0.0411935627785378,0.0369997887183057,0.0424069615921604,0.0304565998202286,0.0119505201838962,0.089964863818473,0.00933150125417853,0.00577265507869397,0.010888728511156619,0.01339230795928789,0.00707877176979872,0.0121229370476506,0.0133596769373717,0.00313472104697215,0.00833931227352021,0.00551898347155126,0.0168113260307251,0.00458970757478632,0.00636108675053349,0.0121092437163171,0.00500361500881801,0.007108302031480617,0.00532875644804756,0.00699009417912001,0.0092901606878374,0.0143398059120491,0.00992887995290792,0.0123984221645468,0.0052883365451939,0.00506720300543913,0.01334664346551434,0.014727670224984,0.0233127788097514,0.0111143084045802,0.0127317664498056,0.0259128280872178,0.0221702576191736,0.012840842887099,0.0381357455619097,0.0201490737673356,0.0197970090267663,0.0303425277809276,0.0421007506928236,0.0140940274207926,0.0223653929522609,0.014508151909383,0.0358593894179481,0.011958935354979,0.00857875705675731,0.00775667102510741,0.006715084081779,0.0371181599073897,0.00658044858796188,0.00450482207873549,0.011034023076307645,0.013647304993372,0.0533572575978262,0.0264982949140644,0.0108416372655611,0.0182552707824411,0.0124779535827697,0.0239746445177951,0.017801449589179,0.0204237338262005,0.0238121930165657,0.031049890854837787,0.017989061133950976,0.0162117399646505,0.0740827161763828,0.0278756870525991,0.0110960113042566,0.0201051168884912,0.0239048704598201,0.0108335550761636,0.0422454651160074,0.0228296592257694,0.0507507626600177,0.0317296891214257,0.0543080948334279,0.0426748338786916
32,0.050019509286298273,0.050144241684638005,0.04951805413298631,0.0470980972200794,0.0452581303727899,0.056405455914009,0.05189072600300453,0.05022403406967044,0.04994280639846056,0.048245770517335,0.048739727102217904,0.04898508167128128,1.05004767412709,0.529980889174198,0.6661128698281205,0.5172683772938953,0.04998559289953131,0.04999515820458281,0.41166534505766883,0.4098123235026841,0.04998719151492005,0.04993820224710135,0.049967374110721594,0.049988977680429,0.05021672349897183,0.05007727893032451,0.049949512595082665,0.05015071915736,0.3550366589778427,0.3793864992097658,0.050033558467252055,0.05023814866978973,0.05018119661734537,0.05031262739683934,0.05024550715337367,0.05023655457041458,0.049912003855465875,0.049944932529405385,0.050010021941496736,0.05006938194523786,0.40951278496167565,0.38766480170113593,0.35037395595339477,0.47576611405824903,0.43286604182346156,0.04991798508643061,0.049944274752553836,0.05001899734479843,0.39014997372440147,0.049935790923553484,0.04995123896511913,0.0503917137906141,0.4399796325090288,0.049983483448505055,0.04980808690617527,0.42552682682581433,0.4009802145547834,0.0499359626225932,0.050015490437425474,0.04996958037553537,0.05004079195028627,0.41124241237295056,0.0499738223371346,0.04999640500877354,0.44569432346193044,0.3871884926091276,0.41409400952503994,0.04993542972089324,0.04993394578976194,0.049894792466090805,0.38049499622133715,0.049867179312996564,0.050017830857084354,0.051342375547512836,0.3881120245922502,0.46992170406143013,0.049936241910427254,0.43353284642725776,0.5098791504253977,0.4227917147186839,0.0492371731151728,0.05007766832876112,0.0500011881642785,0.05006688537793515,0.4159244974045956,0.049899448586970374,0.39856605606326506,0.37230423272366814,0.3825950900355138,0.3752612625401082
33,0.01051055400246718,0.0113743328824958,0.01043259573349753,0.00794357653540337,0.00837261885468128,0.00814336136562249,0.00930249125196208,0.008353404758581448,0.00585096686441825,0.0105892463279781,0.009169327086951895,0.009123350451130816,0.0122111636296854,0.011152042448534,0.011302291287633007,0.013144225363422432,0.007909456675205144,0.007401343907350165,0.009361085526662856,0.008664737819703698,0.007877089249635592,0.008386545972914744,0.008292275155180448,0.007425913939616698,0.007825142868600404,0.007905201526764579,0.00869785032560421,0.007863207953653846,0.0087905114893233,0.00846995075071244,0.00760312812229644,0.008682907669843492,0.00769125158826779,0.008507696557580898,0.008027603653592045,0.0084439062554795,0.008707968903164873,0.008723126650901256,0.007974424821185606,0.00795057681710619,0.008701094521355618,0.008686073610495683,0.008431723721192276,0.011790951124273046,0.009848360573882352,0.0087524783179399,0.00863919740617907,0.00747298798723714,0.009484123817014576,0.00831122227148326,0.00864722318249195,0.01659281862760809,0.00969441787652362,0.00733715991807429,0.009042847736011087,0.010111168891571267,0.0102071102555458,0.008307636850622064,0.0068894617859099,0.0069272853139597,0.007916450045583128,0.0111346186104183,0.008432012198545663,0.00787114680651825,0.009250069969061966,0.00903001085400825,0.008910708362271239,0.00911766449754732,0.008596989503567925,0.00755567313953422,0.008020359268434,0.00929317362209498,0.008324088416819742,0.011892420751108758,0.009926459046596984,0.012079471746021888,0.008540367459288711,0.009844603794903116,0.0151004158787274,0.0100598307029834,0.00819801883811831,0.00799406800677871,0.00888901349444209,0.00769613777337547,0.0109043858045324,0.00901293240457765,0.0107306450574512,0.0146252263745178,0.0266940645795238,0.01236038213921264
34,0.384531511704253,0.417461837328198,0.411997143293799,0.431799611281394,0.462420666306302,0.484914916485338,0.368812386513748,0.340512242583055,0.232055781273397,0.35212490447282,0.355616085801711,0.301585999989081,1.17826969478142,0.7448402368611957,0.315737649174661,0.83835109644738,0.25119247746510837,0.24884704027239624,0.6016278711305398,0.7837635223371244,0.2197666093998327,0.21605871251548867,0.21804266484492563,0.24897690956272142,0.42693208305798813,0.25447205324291317,0.3943928770678204,0.2563432720080605,0.6891649729013251,0.7259435594185725,0.25385143339286353,0.421684147917609,0.3703757512499375,0.4282175990852457,0.42789278003729586,0.4285357814491916,0.6452421080129829,0.3965022924385551,0.2545720450718964,0.25584178441064187,0.8056856119544408,0.8089503247752802,1.030276363296,0.755416259266366,1.06244501409424,0.108804213810023,0.163150194006734,0.26514142562556275,0.3916701982624916,0.24166088507478958,0.263012231379285,0.351453150486164,0.5473256690065091,0.240448283985389,0.26441888336699,0.490755801347528,0.73375281697012,0.528545682718507,0.260029960026284,0.247693068561669,0.293319136548915,0.438998989834004,0.19719336511369,0.21999902525202655,0.7766348650089769,0.7234922118274681,0.9118186182036421,0.42329546623390407,0.15042931795749165,0.452161428165715,0.490113788317472,0.586249676943555,0.2742496344685945,0.246453939197267,0.219700696390823,0.8978391486811823,0.4604764260355161,0.9582603653520375,1.10147212419021,0.509288644267109,0.275019569845476,0.254902307903767,0.2883374586579,0.267160758473519,0.5057841487259643,0.3711952343668784,0.47432934152964,0.368832991471624,0.863427990710298,0.441144854382305
35,1335.36968521574,1328.17242642116,1543.51220167511,1331.58396522698,1770.27396137725,1313.70888792396,1296.54695576295,1411.25011893397,1091.62414242766,1766.81757290021,2358.08810875546,2613.92182194039,369.0768884558552,353.731904971964,379.4844984537067,365.56477681069174,289.84152580841726,271.18759991141593,261.599279462465,270.9723803486481,285.4486618737798,298.5784975692249,292.07591359331855,341.6126360548377,739.912701045146,338.374230206382,473.220283589924,496.544759225455,221.391119996333,266.07673038328323,207.460219110993,879.454797759574,788.312354503404,921.281850314167,690.990460366193,867.459825970134,357.058040835519,404.649720858105,279.22803137865,404.649720858105,279.22803137865,221.493723692933,298.12052077249,322.100814837121,243.53460030111938,244.14566148143751,245.34051068636322,455.269665156386,270.372402606273,253.866691971122,949.989631529878,309.709788309085,432.566930240396,599.388431815573,777.402846643799,390.037597975894,493.584913376642,508.441998677728,332.213541168902,461.66293144343,254.855289487336,203.118025609916,262.275552033852,237.71250683210178,239.87146808775753,301.9824554364287,264.72487181543664,423.394622503895,244.51866779621957,353.339514784725,274.533192828517,589.377499897557,429.138620878532,862.278218737657,367.877822994047,461.604716690292,648.095208819596,243.05070878088708,368.53318480304563,271.91488551798005,1858.09059763798,703.445687349008,415.751153573409,330.405279090757,271.175635926137,221.914581849407,753.67719666713,489.472226431444,801.357645942805,720.825528930068
36,1.57775150192075,1.99229215293669,1.32884828811458,7.98147437845235,8.15068749666612,8.90372191135952,10.1874096014893,9.68178946428307,8.70629638704887,11.0748065161081,10.9507156712873,10.3180145345951,8.48754713919782,9.35605576567868,14.5292001084173,11.966476898594305,6.181510806368029,7.209835275898543,9.53615722259881,13.687985126853954,1.9333767035405283,10.4889101737845,0.939989586280151,6.076596447026601,1.8190227991245518,5.604776697747379,7.998089887397837,2.703871116856213,11.81095498075643,11.806005219125218,1.61777969531371,1.8574354844354193,3.2708403921202436,5.586042908029204,2.96360835529601,6.46047982364882,8.444100031837213,8.528206923377603,4.077803251660132,1.607483042009047,14.057898777508141,13.93387709806349,6.73683901967429,18.6849757452586,19.3491589390966,12.3101344983659,8.28069508650121,2.79172805757601,4.34553443023009,3.72581399546817,7.32543557263422,2.32701398361219,8.95662223355088,3.8305700036887758,4.544376977951889,8.60665194706171,4.701993468099711,5.56872579630343,3.74433459357759,6.54089697418144,3.62267399703083,8.95906724369826,7.18067413728172,3.22626730622011,12.5435271011515,11.959129209551,11.766206724786526,14.5056289658653,6.91946384609755,5.177781157891794,3.07644290237911,0.630469960720463,7.359549498292962,2.79587903425217,5.059215442580256,23.6150692388934,10.1895072669443,13.1043447482366,3.8741054429903,4.546303037941263,0.710577940246985,4.660856020205269,4.53027702159117,2.47793755046621,4.794886021541908,5.426024325040661,13.645634784187356,4.290146764329118,7.810059167961214,4.546320514457939
37,1.65359493689303,2.18559734754254,1.6553026031014,2.77977950896907,3.39697218417763,3.82441022295332,2.35538678244442,2.56988309207871,1.90741266739521,3.72119562397898,2.92252164895825,2.61406857078179,29.1339828137286,23.672782707622,19.13500256568,72.876813669649,4.68910744782544,3.93544440758499,6.37109925194483,6.93175669390349,2.94070021652343,18.302183446103,8.01209379820652,1.42126815555284,3.22341050996907,1.32372764656925,4.79699892387513,2.2628329776727,3.75598407167022,3.95871159569776,2.36440372508232,2.60878858586989,2.8472067260378,4.96491221382456,5.94894095969237,5.58725004749132,2.74526092904095,3.18428375080475,1.62551436104813,1.5718763911427,4.7672844267183,5.13196180236274,23.2411812749881,13.4209211320485,11.7965226695528,7.06836550134918,4.95034350756738,3.04471072747455,6.26906827797493,4.42612414827338,3.00817038085497,18.6141380779263,12.4410210545668,6.50514308916068,8.73438524233338,11.9897966252038,10.7576422427356,9.21286237659167,3.66726632282515,3.19473233138861,4.31824133518622,8.68618512051009,4.01540793653971,2.76268935080568,7.13944581114267,7.09814308842439,23.2604647255626,11.1466473105906,9.42672983081823,8.45363444829704,8.2972310553727,12.5469090423937,4.23143565415454,6.41264300010161,4.48506252393011,24.6300697432527,12.2894694557368,14.8709681287275,19.4316355646711,6.71957794296127,4.56788154536552,7.14727225960534,7.97661430280157,5.42430004272372,11.0399570972706,7.31380193315151,12.1239871490092,7.19128323628691,16.3358088858532,9.28673987685851
38,54.0902652763143,58.2204079787511,58.5403106242312,61.1470380648416,69.1673415180137,64.434267684217,42.5479392550459,37.1741780402229,36.9344175926943,28.9253164503758,34.1347367470881,30.9562200783574,256.064387786878,208.773886184972,180.55878642987,449.290910050884,33.4942583815867,21.5177256242884,39.9962652262901,46.407931350153,13.7624397118482,173.061761977457,72.4896806393259,14.4795121187261,30.8233369892995,9.77266921005551,45.7613151771757,24.565581330401,59.9526973357343,48.185872211466,16.4751458025003,17.8953379949475,16.1922260516254,6.94146159686132,9.98516249554695,8.12149999700379,36.2125633444059,45.3833679791316,27.8773851368204,15.9603905120364,53.545480533195,63.1880061544317,183.217890159559,119.475333637551,119.177682059897,103.269809904719,77.0476598971214,58.1445661389714,171.118345480097,99.2208356873242,87.8274936780136,288.088865638128,170.05369821145,101.997165544703,132.715902786978,194.54225341485,152.330112155749,194.030036870464,82.1577441702693,85.4056577711171,25.4724964374556,63.5417113409383,25.3658353764234,30.6932241386533,88.3401655800597,82.4268435897511,734.143410877673,271.080913967399,235.135898100953,140.410832908244,147.638467509291,190.16432438759,43.2953713093691,77.111439808366,50.726850220015,383.824878044266,184.336882518583,217.046285587082,394.637677420516,155.101873459899,123.942236677549,141.769455093737,164.314819228334,116.690219912933,225.954260937295,155.043398886164,333.295842215408,189.370015297897,368.091733140867,221.544881277412
39,0.185355860125166,0.231121602863799,0.221241891511291,0.26387263957153,0.261907295454139,0.26866282779106,0.261369766562381,0.253899739026627,0.167400983186045,0.295966842256781,0.284757297467451,0.25441797826431,0.477971487351654,0.320590963670218,0.257805448621147,0.3525302560399562,0.213580241469572,0.21685419998569708,0.35119401449162535,0.3891980247662681,0.2238655865954222,0.278768537668803,0.240713119036518,0.212528420982366,0.21864406215104643,0.21836030331928633,0.284858807315437,0.226056873706874,0.24691934831504544,0.28792277032751773,0.22317002141152567,0.2186250642025419,0.214224091033828,0.2343313311944032,0.22329555358431438,0.228255938242462,0.228821044435559,0.237413061875555,0.215587888576435,0.223644203916316,0.3941414046581164,0.415708590358001,0.342153437867226,0.298542880913899,0.320151129807336,0.275762277708009,0.306528218829324,0.24572228926554,0.260891367302593,0.26366649414189,0.246893526801828,0.3799257554452,0.377472072517676,0.30327415879357,0.377945295728712,0.303702288964467,0.510030602538867,0.252356926004607,0.215798792053589,0.218688710692405,0.240253923186101,0.361494962104386,0.236154435917647,0.22090354865032524,0.39039868089297197,0.31783028764386395,0.481042922577173,0.295156362486924,0.248418041368575,0.271239755280221,0.272527784731175,0.281292561618505,0.280460298392916,0.308103790702156,0.267218957757342,0.3290111645091358,0.2713807052119084,0.317701409571826,0.423282955708168,0.273001612296965,0.224713911940856,0.243503279889185,0.240382837042613,0.220899813244644,0.226810344035523,0.280597666774001,0.38573185621383,0.255770434444102,0.285315324861074,0.279976395084171
40,16.6271754323358,18.0117720698874,17.7249141877375,24.2119754474885,26.1461910535755,25.4836171369298,19.4918227821673,16.2568026256749,10.3108648297475,19.2746017866687,19.1093572486215,17.6784896225239,48.9332545382881,49.885467883156,41.1579599454667,57.269237038875985,4.41415814512021,3.32017382496871,2.18015460223035,4.346379390558645,4.517094273630623,9.1375639357803,13.1144408410164,10.3562990600474,3.39526452247075,3.72546825771492,5.43623435140704,4.30696587403759,3.41893991731593,4.61079678604467,1.31979890927028,1.4830249525332,1.7704465387678,7.64410476688479,7.98978332114275,7.00968523473464,3.85326208998694,3.88594209941656,4.51745409914485,2.86566182458227,2.78286184411966,5.48498343542139,28.2958834572291,44.8766732505163,45.2627984525496,29.301607023484,32.9388267484251,34.634397589573,33.8872008687216,32.1356863863808,32.4370396831981,66.4795987802758,57.1256529628629,40.6986718074597,43.0992148316089,43.1793466705734,38.4924336445886,44.816555516693,22.4897772411039,24.3584707042982,14.0377972325398,18.1040831673649,12.5423045354361,6.69918394960193,7.23237061374613,6.7015849357843,27.2729991250544,15.8337991657273,15.3673796629921,41.9121439958972,40.2266138615815,46.1672180311263,18.0023135883762,26.025880188205,24.9339329098793,43.5650465303527,28.7315023116078,30.2480246247282,74.9777481642118,41.4821040175579,39.6075931790996,38.7078108465438,41.6929404466619,39.3038349560759,60.3665686210553,51.7622850759463,73.6133202437713,48.7045429199771,73.7625546168618,46.4155635075342
41,0.154337151761982,0.187958119560418,0.155604239139307,0.501738980838932,0.576407727215644,0.211218263089071,0.33132198919174,0.13569840640508,0.055011553182557,0.0762220658130205,0.206766743763651,0.0828292543872761,0.3228045235207743,0.349415816046307,0.3605332716546126,0.41494916412129706,0.15975914386886056,0.1540404202661424,0.2206646187360516,0.2489627849186353,0.16031098447519967,0.16997582650016232,0.16034321798067494,0.15509587972222796,0.3458870285509667,0.16002598243428537,0.20627588380545203,0.1600613821466562,0.2344157087733687,0.24700770293286423,0.1701261173837092,0.24590244703398367,0.24682715448999193,0.3492649645182356,0.34761509626141807,0.3496404566476721,0.22058311078709075,0.18755244224979725,0.170032764873549,0.1601713534868481,0.24982357582081186,0.24923873619412323,0.24069047865634238,0.259523859792318,0.265587369719432,0.120816110367702,0.16839524773944,0.155452340828157,0.19810912354249152,0.128793866921289,0.160920791918729,0.402589603445187,0.272470989679901,0.234215024839501,0.226755195447752,0.2648428607893217,0.237607385936081,0.20596587120132887,0.121457294206274,0.11694023583044,0.17614598503179,0.21249067513637965,0.165252033984923,0.16149253250001933,0.2479238323859769,0.23533044017603078,0.29876906917345236,0.15364815635810744,0.13854171642091448,0.20195065387074,0.191749700389161,0.214592150773124,0.19314124454232734,0.2048692157728906,0.175929022998631,0.36228727253213194,0.2354712918755189,0.28118963734725616,0.574010918996045,0.232169144638559,0.183365545161273,0.18942038111233714,0.1741399131766729,0.137537729592044,0.285578834860585,0.221185633698115,0.440467405418392,0.202982315534097,0.3028925925354483,0.22101427840063365
42,0.08711871524415629,0.103914204604654,0.0843603024611778,0.08336100551344361,0.0782967863965877,0.08402877258468536,0.0847677949646888,0.08374857868001394,0.0186950675541286,0.07912053902219464,0.07436673031759088,0.07291757973720736,0.151033871050762,0.123530284485772,0.0702425975568667,0.12281062113620911,0.01782901206501181,0.0130532627340123,0.10292921852752977,0.044058306616766726,0.017389774442980323,0.0457225753683617,0.0256214413811557,0.0101945858722384,0.02893412487244783,0.0116988909754098,0.0341190168878616,0.02554955355885272,0.05176032738614023,0.03680040444018843,0.017186806533938642,0.052432632578515104,0.027775802303611683,0.04560694859208328,0.0492972984806226,0.0523554817525035,0.0197607888046726,0.036403438506489784,0.026597066342005524,0.0118332753258886,0.04482851706189078,0.043476686441263575,0.325296066028592,0.190454128455896,0.183506794174133,0.0616653496046541,0.0677701857078302,0.044625833562793,0.0703596157577752,0.0353709737002691,0.0366195158377399,0.0926652773920713,0.083399088552557,0.0377581444260655,0.104183595668022,0.0927320767749794,0.140622820150408,0.03940720069972493,0.06589219088822092,0.058683715678567595,0.070674737867135,0.265341138721445,0.0810556639340793,0.0159361387705268,0.0501838049252155,0.0640377389442336,0.0848777283678423,0.0561173377355065,0.0394646582998906,0.0522036719432911,0.0533742515570695,0.0973796682133826,0.111521498599301,0.0876100968178655,0.0923641370405477,0.06604461285197,0.0721934612811792,0.0939761121305368,0.12151859596401222,0.053472054905458304,0.07888110371724476,0.0272469394189367,0.0296154313640412,0.0194236484648381,0.0422417728693552,0.04862828003841543,0.111657765063287,0.07009465848070122,0.10405634458044553,0.10128443427688262
43,0.03975918456632687,0.03991926839769232,0.01955971565656492,0.00622197494712417,0.000849554631029201,0.03146149570214624,0.0556395353267124,0.0557092644998113,0.0309835903885884,0.00751117475921178,0.005300200039424512,0.0063468321911023,0.0308730800433361,0.0302591571835565,0.028310301305367613,0.02311837380056808,0.004437858616903918,0.006424842759916984,0.031522178416928545,0.013927230401941422,0.00424256562644998,0.06466383381316211,0.00709139436677162,0.0043914567798024,0.009366455191241211,0.006657423524367649,0.00307794552521992,0.008154840656907204,0.021420371793412996,0.014985773980930903,0.003413994243386811,0.010866853588772743,0.008934638149234855,0.0116222834418515,0.0167349708985608,0.0189771860554065,0.011320675345653595,0.057374134622961516,0.04676440521729037,0.00394999742437364,0.0206394680682768,0.01354726626551955,0.0462278697867313,0.029917891662108,0.036572478484621945,0.00540900040910065,0.0645498387345861,0.0354884781797154,0.059392187273832,0.00102555193369068,0.0265796069345055,0.03360813452007705,0.07120815183596342,0.01571315670047993,0.0158208020290092,0.06262175025953315,0.020086224763952,0.0207974258013953,0.023978230289840446,0.023644219559048465,0.0165034075646978,0.0649235368447815,0.0204915638438901,0.0017534705480658,0.00557769871341495,0.0328929917075377,0.0223877125466717,0.0185954539582038,0.011989579467018,0.009194120951636742,0.08544578189866706,0.00593348487828587,0.209463684717132,0.148046010891374,0.165129843399678,0.0108704238480752,0.0104218544800099,0.0270030778444466,0.022398055129095,0.07968491565091157,0.01834249656522003,0.015068695648806618,0.013583698112685264,0.00490798396507194,0.07658102848573757,0.0174497795409406,0.013803196820317777,0.07449052785819336,0.05894594426683522,0.07500580860704345
44,1.11996074440161,1.02967797994945,1.06597168471391,1.1796600754486,1.23602560229105,0.889473025269421,0.853372659703196,1.0055470125265369,0.71422914251615,1.12078553139393,1.1271161512557601,1.07685346787623,6.63510905996523,5.29163848515756,4.36603549042194,5.013323264088493,1.5808401375532994,1.5048446460950746,2.887406665568688,3.7370939626167923,1.5760641426364896,2.156058352371217,1.5740629408894888,1.5050605712121374,0.9686863219468087,1.5095906908993304,2.5401862214367403,1.5682089140399087,2.886025988830364,3.625417156804689,1.5694855346437218,0.9230420536386578,1.2013415694965683,0.9752114407216647,0.9725267560298951,0.9762273598630804,2.5511184374346008,2.530629018551429,1.5543327490920829,1.5721111163756598,3.8980822830262696,3.809027368232532,2.6710267359639452,4.652598174941732,2.58839937446567,1.34184032958694,1.6242046859894,1.40319608863528,3.00026126011278,1.82599877690537,1.82732903907999,5.59903855409979,3.77034637062836,2.11615372242595,2.46951066536895,3.7544971625750687,3.90219577938305,2.66824048988476,1.43716898025666,1.55670543658444,1.579453331058179,2.838347092609864,1.5713360349623697,1.5722701137259283,3.6572615079271875,2.858990604648205,2.8421205139538817,1.9520893557231973,1.6003445595497763,2.32396796281453,2.02073220332222,3.2870547625522,1.805804972699482,2.9660072618700086,2.6268505736921455,4.679073153876914,2.7170369505686027,2.7206570685795524,5.04928558507377,2.87879121627238,1.8555660309285,1.90903317601518,2.2695768615897185,1.66797733989265,3.51456219492977,2.76078459181576,4.41472497704983,2.7330921343781,4.397348586874208,3.1174280783347488
45,0.124834457712959,0.162803074663628,0.160184189199023,0.0848898456742,0.0895102318778142,0.109920940842594,0.0636301705697955,0.0664707718646646,0.236780526116703,0.10745508299321725,0.15376889065789204,0.18302427563688,0.952807811102861,0.598216065699645,0.724557341557897,0.7175167605852834,0.3250645774535898,0.1764869818481392,0.3834409720176843,0.424827953452266,0.2563603458250377,0.3334435324474809,0.32925733333133816,0.17793045080920053,0.08558090424175437,0.17991448141067198,0.27728409085686356,0.2515908050548737,0.36872748569307706,0.4029892318720812,0.2578255423287449,0.11105669449566323,0.15958372428264317,0.08601631760455344,0.08591952868409128,0.08613172609640282,0.33371783283597584,0.3176409296834871,0.33084126546365433,0.32828247346924244,0.5786185700527849,0.431763254032444,0.31571603431327827,0.6042782523699495,0.4268706205746475,0.449286556731356,0.358606430164199,0.166610277793636,0.590704152366349,0.356543624948402,0.305793372872619,0.926072124552803,0.488475298805063,0.187210258480008,0.2884480794262795,0.6404986371991923,0.49034239879217045,0.2923812062479322,0.129764083759446,0.193272434998415,0.26554463293783176,0.4347357985368718,0.26613327476264836,0.2553678149538412,0.5012517816495554,0.3281031353638669,0.39817036754708063,0.3984647371622796,0.38829228510803204,0.38338619912611727,0.346293576900593,0.32235191879726466,0.3190356434712723,0.8455168558167129,0.391207002789119,0.7032654607866,0.3001210689319735,0.4267730204131249,0.7266388036246939,0.44904695333017974,0.14997931854455854,0.317543647886003,0.40174727259738,0.237127665581725,0.45119131245129673,0.38272257435190055,0.6100399175065833,0.899814811923077,1.04637416434252,1.27196149015126
46,8.56064316558062,10.6226940045088,10.4805357965623,9.41056707705694,9.92508859857189,10.2455434059444,11.8099089128346,10.5411164057688,7.81540682233051,12.1013481491995,12.1727772626045,11.1578644502285,16.9772810632573,13.0450629989586,11.2183168323148,40.8119297354112,4.72400986704553,2.74480497685646,6.14537568161805,5.11770202296846,2.30655199576441,16.7708398542659,5.16611454039811,0.748143545801935,4.42771103201483,1.92358696427721,6.18887640970305,2.97697623830254,10.8412191651237,7.84825516891141,3.18932998298959,2.16067075474822,2.10841314604977,4.27205478997157,6.48594101727004,5.46461563154139,5.05856176343964,7.69449494334533,4.15039412395081,2.49257172346685,7.81176600855744,3.48218600633258,8.71547633818742,8.16039683636756,6.10382786623179,8.45589511601932,5.33675980542411,4.9365182095791,13.7982574674983,5.66867299229946,5.15713182237939,15.3038522128341,9.76850262006574,3.23752040906101,4.85071457229747,10.6631908038472,8.69944665149135,6.1142008191252,2.66328978888628,3.40328193455852,2.57295846878014,11.3236010844488,3.50387520777766,1.07842067854959,4.41260208938511,3.9673283903958,5.70398801197197,8.55888703013073,4.59505906144938,7.44790718278931,8.0211661927133,11.4726805520673,7.62531942988722,5.82431353916674,6.80269198046286,17.6291701524926,7.27887455645881,8.79727545562657,19.9844943751555,12.0384871911831,4.64060074166336,5.48107820980808,5.06170098534252,2.59553329200691,15.0712761357049,8.98445776124556,14.9159031383269,11.229943238954,23.2055746156268,16.3238236240017
47,216.530713748344,235.328290760485,227.665306214222,222.835792252356,260.742002937853,243.88533210615,211.096916716032,181.13805294793,127.612629678017,198.427274742673,203.742445276076,187.97727934944,445.811407058562,157.75627417781,266.51418534478,244.4462,200.44226,188.6657,101.55107,89.33421,85.66354,161.0320222846668,117.37384051099124,123.89755333224468,112.8253602556477,112.78109312289136,149.0038240118844,105.55526413662952,75.83625792679754,69.502044102866,89.68170743622017,211.51187442067334,157.40492735733002,225.8343301337278,107.58519614664101,225.9062353789615,87.38977740137533,118.61260093709073,154.10061152515522,115.70398838668936,71.39381750276962,74.25315441245168,725.369705888946,399.631594333156,525.116231225926,245.909823112453,210.256340445816,128.587868060714,343.495159757833,331.782418811604,263.657345640487,733.57445352968,638.074063915116,523.629259993038,667.517125730385,621.808361852607,597.692730693885,560.744220057196,357.072401706351,229.109115872188,249.486978208743,278.088393130587,224.704987033794,46.5782474524735,26.0691138805514,76.8721535736177,292.760118231816,352.051252210824,288.955519859128,315.982750711307,333.994360027779,317.906423259197,188.123990377901,581.404324906826,324.410562791099,476.142426038612,470.007202675854,506.566890623211,626.418357574875,407.747705389058,441.832841956693,453.315153965597,496.44080958424,410.303953345017,476.082544936154,421.22034501785,526.598679289212,510.891548331765,617.22016904858,388.305881402976
48,127.126706011083,77.2623613461423,144.460000177619,68.6240654930183,71.70508669247383,65.6406482667961,64.8116617638941,59.1477307381125,23.2161735937401,43.377127613901,43.5260639601059,45.852753212804,70.2370704008034,64.4060412413895,68.7985321005113,108.56811732994166,123.56109803448294,48.21690531726705,100.85621423544737,111.45347440653948,117.9239280455782,133.77303637892055,129.39651298534756,2.40618556352469,131.01940943290876,12.956988116451152,124.8009096635697,88.06217200696643,81.32574854003656,89.72647691106789,81.63201950324552,132.55396305119734,191.63441424980815,26.029571975224183,12.266992324840727,0.0961690734777021,115.421719333866,117.09806500895257,129.23531179041547,128.73009874256184,99.00725794204719,93.76224736786592,237.445039607226,211.25766956093,310.960372801746,140.44150544594,129.800579570254,51.667640291578,205.838823230855,211.080169841373,115.940365588715,155.907162457961,121.014119070413,154.710411169083,304.879992228932,154.703568888225,169.888540531882,243.273727329991,204.024049240404,95.9774000745641,128.802888562671,110.869814245558,123.564138534833,47.2334293697246,45.7223904604201,46.8314483818363,172.705432302803,239.43458807189,237.536504592812,63.603974724024,68.7063817130537,167.50435406483,105.877453345124,157.448313738339,78.4930958632161,188.732827408603,235.5094438385,235.520865809944,83.0252709542001,81.6517368955574,116.640043841424,245.607490478724,274.212926890538,271.79850411983,110.679257196941,110.212350928,132.03297334164,137.4427943341,304.576859475471,152.629737833049
49,0.329471530735677,0.329549809502893,0.2259231920474615,0.27717479860552885,0.21836068387914678,0.27752314316669674,0.2777683965678718,0.27680972254302816,0.2688148883167079,0.22075203849276276,0.26544082401012736,0.26472206889319594,0.551152056834675,0.335318528702787,0.0948085325772536,0.2962328671808497,0.04487331082400304,0.2046484637291388,0.27773795160993897,0.2651213857361773,0.045371132644474635,0.0488101902057266,0.0313092716135718,0.14951030396283846,0.05031429106019091,0.12110764379234619,0.05067615799897568,0.11600778587842525,0.15024480387591388,0.156915329660092,0.0853305996556088,0.22796918424843293,0.051328366765966686,0.29712161888306066,0.12320799115511544,0.2951325533820056,0.05052390352481069,0.05209637344205661,0.04743336793253725,0.045531279295668914,0.3552538243089509,0.35595830906170717,0.78330787344764,0.361839528749405,0.37003094117026,0.19489672545065842,0.13746043807695935,0.15273071163962582,0.3059934559708201,0.3405463386280703,0.32908625235366,0.217774578197769,0.33350508377073,0.184900373008811,0.202818683966698,0.123773940357017,0.255088333691472,0.508668289608395,0.269972923977201,0.17165693533519902,0.116762675652455,0.376804332656963,0.106657512478041,0.08450672791426035,0.36164917596459295,0.1538968265448125,0.16099489823942786,0.3668730824637633,0.208825018134973,0.28771416184533977,0.3088176259420966,0.339094007615732,0.072559252516935,0.127858576725421,0.150368384979689,0.35400315778029856,0.0474314344520289,0.44070458268991836,0.2949819342890052,0.443269233355701,0.23956278862806613,0.396565154356882,0.398749485067845,0.223599607220789,0.3135208830748591,0.3741911894585417,0.2922365259981955,0.387295144089794,0.59891814408964,0.2775663852780802
50,0.305657384176927,0.467836422081075,0.433405398097382,0.275012595685178,0.254352831201119,0.303100028325284,0.279409621337582,0.271305002037609,0.29173480204614965,0.370614145533638,0.361777254419567,0.331244124495629,0.632974903832259,0.393375821472216,0.48466392661975516,0.3298404526609732,0.10526136882734656,0.0485916941436639,0.19647092476531253,0.13558200301148182,0.10233861923852078,0.15121088531056048,0.11248888142846011,0.04025611792149811,0.07077585859190164,0.03939396592762386,0.20959519820475775,0.038459526031559756,0.19505740636931837,0.1649971984992586,0.051353876279304204,0.16267542289195394,0.13004463077010506,0.00954228797239955,0.0329778368077814,0.078670226918914,0.1675985703705055,0.2082037000253389,0.11918517823487859,0.11198818035790754,0.19961072531768456,0.23028466396015237,0.224295205733513,0.100335889171638,0.0975436930320926,0.248116305352312,0.167238701778294,0.126736134804976,0.293751132773619,0.158035056891343,0.16116991701562,0.324468816526765,0.50837914822254,0.171069468140757,0.285292323933659,0.198915564010924,0.396389259842486,0.221504057847552,0.0771178268675123,0.110051505587624,0.037072688451651,0.2653592106757553,0.0439512730861297,0.05172948545503524,0.2261319981971858,0.19620392276409357,0.213097327019477,0.074120767657816,0.0156680111790123,0.210231764094935,0.21110129799927,0.312411436251891,0.185543430797978,0.209970031986229,0.284706662276324,0.2162882524183968,0.2421641219588749,0.15675824427979843,0.3246790848201183,0.306287507080281,0.42282227407313777,0.177471154510529,0.147512681749766,0.0807648763972049,0.3299648080242628,0.20136508906338493,0.371462058580886,0.35587269774973745,0.3641501801839335,0.450801229803222
